{"music_volume":0.24706412851810455,"game_volume":0.35546520352363586}
